"","","","","","","","","","","","","","","","","","","","","","","","","","","","","","","successful_clade"
"name","Clade","number of tips","number of tips after removing the future tips","sackin","colless","Variance","I2","B1","avgLadder","ILnumber","pitchforks","maxHeight","MaxWidth","DelW","Stairs1","Stairs2","Cherries","BS","descinm","getstattest","skewness","kurtosis","tips_pairwise_distance","tips_pairwise_distance_max","diameter","WienerIndex","betweenness","closeness","eigenvector","successful_clade"
"","10563","21","21","1.23309211428406","1.73807574950319","1413.13065889918","14.0847953216374","8.19563492063492","0.171052631578947","0.684210526315789","0.428571428571429","0.5","6","2","0.8","0.46279637029637","4","0.0652965178989793","0.794258820172959","3.46217771030453","1.4057459756376","3.50542477607274","19.9047619047619","145","16","5746","499","0.00529100529100529","0.408788090630196","0"
"","12475","27","25","0.728083644492987","1.13705569569174","727.742194240622","12.7773636991028","11.9218253968254","0.152173913043478","0.391304347826087","0.24","0.416666666666667","8","2","0.625","0.556957221019721","8","0.0374160453237451","-0.651001491302828","3.64151925367498","1.68775972546651","4.65807964935851","14.544","111","18","8814","677","0.00411522633744856","0.368117520482013","1"
"","15971","20","12","0.543578643578643","0.881024870771945","9174.00224862999","8.11111111111111","4.53333333333333","0.35","0.8","0.5","0.636363636363636","4","2","0.818181818181818","0.48099173553719","2","0.0164885230604705","1.04827900177965","2.20177746486465","0.48290832052447","2.00970348539543","50.5138888888889","269","11","1214","139","0.0136986301369863","0.385673308748957","1"
"","16122","27","24","0.698083644492987","1.02121102354533","2133.77702488045","13.0452253628724","11.9123015873016","0.227272727272727","0.454545454545455","0.75","0.434782608695652","8","2","0.652173913043478","0.594090504588216","7","0.0585050371191505","-0.341244848663541","3.67051143979029","2.24955556625661","7.16549266605301","24.6857638888889","196","12","6692","701","0.00578034682080925","0.37602687332945","1"
"","16150","21","20","1.00452068571264","1.52019924700595","5613.60821516696","12.0638888888889","8.35321067821068","0.444444444444444","0.555555555555556","0.45","0.631578947368421","8","4","0.684210526315789","0.507372598162072","5","0.026489645618713","0.772966701480743","3.80073084316246","1.6215748489139","5.36733555138898","40.8975","260","15","4880","409","0.00581395348837209","0.377044044862225","1"
"","16859","24","23","5.83576480391328","7.19782860897862","3313.98405692447","17.8666666666667","5.54773965714368","0.404761904761905","0.80952380952381","0","0.909090909090909","4","2","0.818181818181818","0.266438481070482","3","0.0498546421466772","1.95014715555223","7.88939013980469","3.91760405693649","17.01142833389","31.3308128544423","186","21","8176","505","0.00381679389312977","0.323456905248968","1"
"","18312","27","25","3.92808364449299","4.89705569569175","790.761379694267","20.0380434782609","6.91108613608614","0.27536231884058","0.826086956521739","0.24","0.666666666666667","4","2","0.875","0.315001776922543","3","0.0628416373043725","1.65753809700106","8.15947460840743","3.22574037785741","12.9270276693862","14.4864","142","18","9358","761","0.00409836065573771","0.3785073409316","1"
"","18433","21","12","0.876911976911977","1.21435820410528","3822.62672121455","8","4.53333333333333","0.266666666666667","0.8","0.5","0.636363636363636","4","2","0.727272727272727","0.487052341597796","2","0.0231401446220472","1.22420756960648","2.07617787455804","1.23166826255479","2.99662983331259","32.2430555555556","210","10","1158","153","0.0151515151515152","0.426680758342183","1"
"","19516","28","26","1.36808364449299","1.70398882869231","2001.07278191122","12.7655844155844","12.436544011544","0.145833333333333","0.416666666666667","0.346153846153846","0.48","8","2","0.64","0.579379953379953","8","0.0435809398398585","-0.279525069847542","3.49834984155987","1.71917037642982","5.10252212147406","24.3091715976331","198","16","9592","677","0.00377358490566038","0.319931941695313","1"
"","19795","20","7","0.385714285714286","0.741449942933203","4460.15316199619","3.33333333333333","3.08333333333333","0.4","0.6","0.428571428571429","0.833333333333333","4","2","0.666666666666667","0.588888888888889","2","0.0114951615926476","1.55820265285614","1.13793103448276","1.5","3.25","27.9183673469388","202","6","242","47","0.0416666666666667","0.507140799007788","1"
"","20344","24","24","1.57308364449299","2.062877690212","2169.84977183674","12.6515151515152","11.3456349206349","0.113636363636364","0.454545454545455","0.375","0.478260869565217","8","4","0.652173913043478","0.560702582441713","7","0.0275560623064384","0.391279764928899","4.18707024078055","1.71019027651038","4.92204912845987","19.3072916666667","188","14","7266","633","0.00490196078431373","0.326890544873639","0"
"","20371","25","17","1.82677730765966","2.63565935297432","6076.85614809759","10.8923076923077","6.51987734487734","0.466666666666667","0.6","0.352941176470588","0.75","4","2","0.75","0.436659000721501","4","0.0121682162167224","1.35818368794285","4.00691712315341","1.82958804280267","5.09557657484129","40.1384083044983","248","14","3308","271","0.00699300699300699","0.299453159453952","1"
"","10647","30","30","0.0766924048258848","-0.0185991944355436","1584.48565679547","13.0357142857143","15.9178571428571","0.0714285714285714","0.357142857142857","0.5","0.310344827586207","10","4","0.551724137931034","0.667716096164372","10","0.067261821735816","-1.74900750417938","4.33008945792558","1.43862190162389","3.84258387343849","22.12","137","14","12348","1021","0.00380228136882129","0.356509927087432","0"
"","10692","25","25","0.0480836444929867","0.0570556956917446","2292.08617274425","11.6619612271786","12.9595238095238","0.130434782608696","0.391304347826087","0.48","0.333333333333333","10","4","0.625","0.639295502203111","8","0.0545449907662574","-2.03484715778022","0.773018853369662","0.664127184688008","2.01287318928351","26.3488","183","13","7532","711","0.00515463917525773","0.353703267362101","0"
"","10787","30","30","0.476692404825885","0.781400805564456","1792.37105916093","12.6732267732268","16.0456349206349","0.107142857142857","0.285714285714286","0.3","0.379310344827586","10","4","0.551724137931034","0.64456711870505","11","0.113219249340526","-2.66044776405044","2.18560295731881","2.13829015402891","7.70424243374562","23.4766666666667","158","15","11828","1049","0.00396825396825397","0.333778872308117","0"
"","10841","27","27","1.21708649349584","1.48676132122228","2058.91889245992","12.1095238095238","14.0123015873016","0.12","0.36","0.444444444444444","0.423076923076923","8","4","0.538461538461538","0.637997843850687","9","0.113872711796133","-0.937869636019811","4.56694209965189","2.37874431195883","7.73023444059032","24.6008230452675","173","13","8946","885","0.00485436893203883","0.357922652478039","0"
"","10894","27","16","0.301042013542014","0.280842798320164","11350.9852643623","6.94505494505495","8.28333333333333","0","0.428571428571429","0.75","0.466666666666667","8","4","0.533333333333333","0.679047619047619","5","0.0442763825192345","0.48203212579783","1.06812648723345","1.18633947993703","3.28403652025871","55.12109375","264","10","2390","263","0.00980392156862745","0.366665144141852","1"
"","10952","24","15","-0.236457986457987","-0.125452013875598","9633.69743930314","6.47179487179487","7.78333333333333","0.192307692307692","0.384615384615385","0.4","0.5","10","4","0.571428571428571","0.660837971552257","5","0.0307244757646564","0.792915611493491","2.35805311987451","0.766957964585721","1.82440687414646","48.4088888888889","270","11","2068","251","0.010989010989011","0.402047231867947","1"
"","10991","21","15","0.03020868020868","0.274547986124402","5294.64089620543","8.33461538461538","7.03333333333333","0.192307692307692","0.538461538461538","0.6","0.5","6","2","0.714285714285714","0.575680272108844","4","0.0431203420328528","0.0869601505616898","1.63131972201734","1.5772540479896","4.89819295160741","38.9866666666667","238","12","2188","227","0.00980392156862745","0.418313320435038","1"
"","11035","24","24","0.364750311159654","0.187877690211999","1449.45390354883","10.1761904761905","13.0095238095238","0.0909090909090909","0.363636363636364","0.75","0.347826086956522","14","6","0.565217391304348","0.697335493743811","8","0.0791150296077148","-0.794899581025089","3.73435214746254","1.63926214176489","4.4560177006746","20.9930555555556","149","11","6292","665","0.00609756097560976","0.366555254235513","0"
"","11071","22","22","0.436555317747269","0.843070885383447","2102.13271601196","10.9150075414781","10.9956349206349","0.15","0.4","0.409090909090909","0.476190476190476","10","4","0.619047619047619","0.592099295858694","7","0.0719618348565188","-1.28507567840553","2.17040515805519","1.62222903376046","4.65839049677742","25.6487603305785","159","13","5696","563","0.00595238095238095","0.400183873577808","0"
"","11095","25","25","0.928083644492987","1.41705569569174","1613.50289145573","12.5508263412154","12.3532106782107","0.173913043478261","0.391304347826087","0.48","0.5","8","4","0.625","0.586744811560988","8","0.0422570014848231","-0.73814433580003","4.20626367301653","1.62112234858266","4.18227689912832","22.4288","143","15","7952","719","0.00478468899521531","0.350824820422347","0"
"","11136","28","28","1.93137220778155","2.1408698675276","2742.85164675247","15.5763656633222","12.7123015873016","0.115384615384615","0.538461538461538","0.642857142857143","0.407407407407407","12","2","0.666666666666667","0.567343568639865","7","0.112886772819421","-0.429229835999503","5.36851364417404","1.73968608692232","4.77782362206175","29.156887755102","174","15","10260","843","0.00420168067226891","0.352051931371472","0"
"","11186","24","24","2.03141697782632","2.35454435687867","2245.83285969626","9.2","12.7623015873016","0.113636363636364","0.272727272727273","0.25","0.478260869565217","8","4","0.521739130434783","0.656786445782273","9","0.0782651227110428","-0.777550199959696","3.14541202912327","1.30287364301474","3.31580105167283","26.0225694444444","183","13","6676","671","0.00568181818181818","0.385857480528197","0"
"","11227","28","28","0.93137220778155","0.640869867527598","687.630192502462","6.42095238095238","17.0095238095238","0","0.153846153846154","0.214285714285714","0.296296296296296","16","8","0.37037037037037","0.794207797629698","12","0.108987783495401","-2.20739104751857","2.85098792693165","2.3330367663054","6.67033463977856","13.3252551020408","132","10","9124","923","0.00497512437810945","0.347189578168362","0"
"","11280","23","22","0.527464408656359","0.843070885383447","3073.78130571593","12.6360902255639","10.0845238095238","0.15","0.5","0.409090909090909","0.428571428571429","10","4","0.714285714285714","0.546362433862434","6","0.0575068900145559","-0.826431859835596","2.73062326304325","1.37068947066969","3.59785982819573","30.6446280991736","200","13","5564","581","0.00625","0.387063130737978","1"
"","11338","29","29","3.31807171517071","3.88656672505623","2963.61016310179","17.5055555555556","12.386544011544","0.0814814814814815","0.555555555555556","0.517241379310345","0.464285714285714","8","4","0.714285714285714","0.502639688353974","7","0.0680265512919748","-1.02091907799145","4.73229328393328","0.761918394503099","2.07158686038069","28.0404280618312","265","14","11800","1041","0.00387596899224806","0.335703449511723","0"
"","11387","23","20","4.20452068571264","5.42019924700595","6000.93383688934","15.6461538461538","5.38072899322899","0.361111111111111","0.777777777777778","0.15","0.894736842105263","4","2","0.842105263157895","0.292753951143637","3","0.0710225065884472","1.89601222000207","5.98650044989017","2.62736498212371","8.97130606201678","42.435","228","18","5176","409","0.00540540540540541","0.354123295567717","1"
"","11410","26","8","-0.185714285714285","-0.213510021119891","9894.75361449643","2.33333333333333","4.33333333333333","0","0.333333333333333","0.375","0.571428571428571","4","2","0.428571428571429","0.764285714285714","3","0.0304376216613139","1.23600804284797","0.645924564516908","1.32738544780496","3.15671812702192","51.3125","252","7","380","57","0.0285714285714286","0.486624494733865","1"
"","11457","21","13","0.101270951270951","0.397136009252255","3667.7601749065","6.62121212121212","6.28333333333333","0.181818181818182","0.454545454545455","0.461538461538462","0.583333333333333","6","2","0.666666666666667","0.58912037037037","4","0.0356088588098213","0.673561416758111","1.28555768438923","1.02451164374138","2.61559659767691","32.3905325443787","214","11","1468","173","0.0128205128205128","0.430566811577997","1"
"","11503","29","29","0.283588956550022","0.576221897470023","2003.30389822867","15.8745791245791","14.0845238095238","0.0833333333333333","0.481481481481481","0.620689655172414","0.321428571428571","12","4","0.678571428571429","0.581136621315193","8","0.0850136270829576","-1.08213517946833","4.35585472649843","0.901556162285201","2.28441712378255","21.281807372176","220","15","11336","973","0.0040650406504065","0.361317719356864","0"
"","11549","21","9","0.230952380952381","0.585373609890392","8787.7559750525","4.21428571428571","4.28333333333333","0.285714285714286","0.428571428571429","0.333333333333333","0.75","4","2","0.625","0.598214285714286","3","0.0235906343434202","1.50754650312961","0.983804597439845","1.30356657453114","3.10500195721528","45.9753086419753","261","8","518","81","0.025","0.46768386893536","1"
"","11617","23","23","1.48793871695675","1.89348078289167","3054.99342877381","9.63423264042459","12.6623015873016","0","0.238095238095238","0.521739130434783","0.454545454545455","8","4","0.545454545454545","0.647533076228897","9","0.0583177776449147","-1.14786921288453","2.59422475862471","1.3663913896742","3.58031695073923","29.882797731569","183","12","5896","621","0.00613496932515337","0.378558652009314","0"
"","11651","22","22","0.800191681383632","1.2976163399289","2324.06707480853","14.1323232323232","9.44563492063492","0.15","0.6","0.545454545454545","0.476190476190476","8","2","0.761904761904762","0.49880661666376","5","0.0548007050677736","-0.558370644003298","2.74530965275187","1.44962654568083","5.00782742754536","26.297520661157","184","15","5904","551","0.00564971751412429","0.364152952290962","0"
"","11672","21","21","0.947377828569779","1.07140908283652","2759.1535186519","8.76934046345811","10.7595238095238","0.105263157894737","0.368421052631579","0.285714285714286","0.4","10","4","0.6","0.640232311548101","7","0.0507772026571929","-0.311528867927249","2.86044860012341","1.38725791174794","3.99933734818634","29.18820861678","186","11","4750","527","0.00699300699300699","0.383804491144078","0"
"","11697","25","25","1.20808364449299","1.53705569569174","2074.91847508223","12.8829725829726","11.5218253968254","0.0869565217391304","0.391304347826087","0.24","0.458333333333333","8","4","0.666666666666667","0.546466727716728","8","0.0891795205865929","-0.670848736856862","3.63361782857043","2.46100761044833","9.03989375061322","24.3872","163","18","8750","629","0.00403225806451613","0.307261268270102","0"
"","11721","22","22","0.572918954110905","0.888525430837992","1461.3664277987","12.2055555555556","10.8428571428571","0.116666666666667","0.5","0.681818181818182","0.380952380952381","8","2","0.666666666666667","0.586734693877551","6","0.0584894330500825","-1.30195897078782","1.58792301200922","0.544795033919874","1.765621622132","21.1342975206612","134","12","5458","549","0.00628930817610063","0.383235759247274","0"
"","11807","30","30","2.71002573815922","3.48140080556446","2122.96521629982","15.8218253968254","14.5848956598957","0.0833333333333333","0.357142857142857","0.4","0.517241379310345","8","4","0.620689655172414","0.55238054794395","10","0.0832645359411249","-0.78498599828105","4.85742206290299","1.79408339497686","4.94668179047484","25.8088888888889","141","18","13230","937","0.00334448160535117","0.345448178980198","0"
"","11851","30","28","0.93137220778155","1.35515558181331","4148.17174292323","14.2054298642534","13.4956349206349","0.102564102564103","0.384615384615385","0.214285714285714","0.407407407407407","8","2","0.62962962962963","0.565751584284436","9","0.0739081870644119","-0.469214146433693","4.74028815152312","1.68805973678692","4.53826131381615","34.655612244898","242","16","10900","951","0.00401606425702811","0.366352955989911","1"
"","11889","23","19","0.483468054133689","0.697808330867189","5275.03637317053","11.3193277310924","7.87619047619048","0.196078431372549","0.647058823529412","0.315789473684211","0.444444444444444","8","2","0.722222222222222","0.52303190636524","4","0.036328670087291","1.10889487825824","4.85260731613335","2.11226430338073","5.79385809583427","39.2963988919668","264","15","4492","383","0.00588235294117647","0.415195783061594","1"
"","11927","25","11","0.232972582972583","0.445308975034302","5975.94758192224","5.55555555555556","5.28333333333333","0.222222222222222","0.555555555555556","0.818181818181818","0.6","4","2","0.6","0.618452380952381","3","0.0192870325578053","1.80283690051534","-0.327459390602603","1.22794778144315","2.73820739622341","40.1157024793388","257","9","926","125","0.0169491525423729","0.462448704691267","1"
"","11951","22","19","1.48346805413369","2.0135978045514","6042.30792226758","10.7467948717949","8.26230158730159","0.205882352941176","0.529411764705882","0.315789473684211","0.611111111111111","8","4","0.666666666666667","0.525867805034472","5","0.0426726480432781","-0.0175828388482066","2.47411791704378","2.87643096646393","10.7186815720753","41.9722991689751","270","12","3818","411","0.00769230769230769","0.394618975500051","1"
"","11972","30","16","-0.323957986457986","-0.469157201679836","4161.03149501716","7.33333333333333","8.06666666666667","0.214285714285714","0.428571428571429","0.5625","0.4","8","4","0.6","0.658888888888889","5","0.0292932770350114","0.235011882245393","2.06513458010976","0.992070751845537","2.808654011827","27.16796875","266","12","2554","269","0.00892857142857143","0.337941367070357","1"
"","12017","22","20","0.704520685712636","1.02019924700595","3190.30850959483","10.5615079365079","9.16785714285714","0.111111111111111","0.444444444444444","0.3","0.473684210526316","6","2","0.684210526315789","0.551796157059315","6","0.0299968820340907","0.377294850621981","4.18584481664289","1.87412051268615","5.96652901127324","26.2","264","15","4788","421","0.00598802395209581","0.3256666785985","1"
"","12040","25","25","0.368083644492987","0.377055695691745","789.920052168589","9.53244206773619","13.7178571428571","0.0869565217391304","0.304347826086957","0.48","0.375","10","4","0.541666666666667","0.697720864661654","9","0.0794002633105833","-1.42342556362078","3.073255716191","1.47320957200023","4.84932895389624","14.752","128","12","7116","741","0.00564971751412429","0.365762532173218","0"
"","12095","30","30","0.176692404825885","0.481400805564456","2440.5431001456","12.4197436550378","16.4289682539683","0.107142857142857","0.285714285714286","0.5","0.379310344827586","12","4","0.551724137931034","0.659762323782287","11","0.0933192330737173","-1.96738495565487","3.24755053567398","1.72276382996241","5.54444327345285","23.9688888888889","253","15","12270","1035","0.00381679389312977","0.369581693790951","0"
"","12127","29","28","0.0742293506386927","0.140869867527598","2266.73194546193","11.2525641025641","15.5011904761905","0.0769230769230769","0.230769230769231","0.321428571428571","0.333333333333333","10","4","0.518518518518518","0.663271604938272","11","0.0923821606682399","-1.22401956300875","3.94393048423293","2.63451799452807","10.293914300979","22.4553571428571","241","15","10332","897","0.00418410041841004","0.314557270313499","1"
"","12175","23","11","-0.403391053391054","-0.73650920678388","7956.29749282491","3.11111111111111","6.16666666666667","0","0.333333333333333","0.545454545454545","0.4","8","2","0.4","0.808333333333333","4","0.0182533262387733","0.41903912251667","0.886716215183573","0.272616293724782","1.13965258000199","46.4132231404959","268","8","912","125","0.0169491525423729","0.408749120343571","1"
"","12218","29","26","0.483468259877602","0.819373444076924","2361.68802618881","11.8293650793651","13.7623015873016","0.125","0.333333333333333","0.576923076923077","0.44","8","4","0.56","0.640623376623377","9","0.0682460393936007","-2.3501240193783","1.88016719565341","0.770267596413525","2.42002859270819","24.6908284023669","239","14","8606","693","0.00448430493273543","0.315100228291907","1"
"","12255","29","28","-0.497199220789879","-0.501987275329545","2294.18481856593","11.0320405085111","16.0333333333333","0.0769230769230769","0.307692307692308","0.535714285714286","0.259259259259259","12","4","0.555555555555556","0.700941326379923","10","0.0768426279240564","-1.17766029718345","4.49040176288357","1.75979468611714","5.72885580869426","23.4311224489796","257","12","9812","875","0.00446428571428571","0.3573947723253","1"
"","12296","30","30","3.74335907149255","4.51473413889779","1868.50841776598","15.7198598502946","14.0848956598957","0.125","0.428571428571429","0.4","0.517241379310345","8","2","0.620689655172414","0.539334468340452","9","0.114142281543841","-0.450086138896769","5.93532812391079","2.52587179332273","8.72307127316194","22.0011111111111","195","16","13448","985","0.00314465408805031","0.322627660639036","0"
"","12334","30","30","1.31002573815922","1.74806747223112","2480.38512186414","20.0322510822511","11.4044011544012","0.142857142857143","0.642857142857143","0.4","0.448275862068966","8","4","0.758620689655172","0.45452922668947","6","0.0784944554133178","0.361029400671847","6.63090438767823","1.93566683312004","6.42150349499632","26.5122222222222","219","22","15706","951","0.00268096514745308","0.289715037835664","0"
"","12405","29","29","-0.0267558710361849","0.127946035401057","1612.82902546061","10.1366988131694","16.4678571428571","0.0925925925925926","0.259259259259259","0.206896551724138","0.321428571428571","12","4","0.464285714285714","0.708992652084757","11","0.122909316185353","-1.65958884529121","3.18619160793271","1.27226007175798","3.19038119684016","22.2354340071344","145","13","10606","931","0.00432900432900433","0.365742813044032","0"
"","12524","30","30","0.110025738159218","0.348067472231123","2148.80699943276","12.8308712958868","16.1440476190476","0.178571428571429","0.285714285714286","0.4","0.310344827586207","12","4","0.586206896551724","0.645391594189235","11","0.0929492330622454","-1.74974843010356","3.79396783277389","1.98653545380009","6.96279866243039","25.5077777777778","204","17","12402","1029","0.00374531835205993","0.367109090414899","0"
"","12568","20","20","0.0545206857126359","-0.0298007529940456","2062.89178746339","7.96078431372549","10.8666666666667","0.111111111111111","0.333333333333333","0.6","0.368421052631579","12","4","0.631578947368421","0.692995647012267","7","0.0691300520214581","-1.10972582038978","1.76085689514701","1.4702979873275","4.2865154253115","24.6225","201","11","4078","469","0.00769230769230769","0.386413217703595","0"
"","12639","21","21","0.709282590474541","1.30950432093176","1809.65380398806","11.4500613421666","10.2623015873016","0.157894736842105","0.368421052631579","0.428571428571429","0.55","6","2","0.65","0.551123680241327","7","0.0635374076537988","-0.0563914678896278","3.42227167531065","0.754206774543683","1.83433457818038","22.59410430839","153","15","5092","479","0.0062111801242236","0.383120711538058","0"
"","12675","28","28","0.609943636352978","0.819441296099027","1835.58799236284","13.3800366300366","14.8011904761905","0.0769230769230769","0.384615384615385","0.642857142857143","0.333333333333333","8","2","0.62962962962963","0.641990416990417","9","0.0925422174586063","NaN","2.63297179090768","1.17405618371829","3.01122857616982","23.2895408163265","155","12","9670","915","0.00454545454545455","0.347799905456506","0"
"","12742","24","23","0.444460456087189","0.676089478543839","1017.32762494209","12.4388278388278","10.1956349206349","0.214285714285714","0.523809523809524","0.260869565217391","0.454545454545455","8","2","0.681818181818182","0.552516233766234","6","0.0462965584424956","-0.533901825512576","3.25483366208351","1.23370393206771","3.30151131419439","16.4045368620038","146","15","7016","643","0.00505050505050505","0.360122658923618","1"
"","12797","27","25","1.68808364449299","2.17705569569174","979.091070971057","15.3333333333333","10.386544011544","0.104347826086957","0.565217391304348","0.36","0.5","8","2","0.75","0.490138313779618","6","0.0464225680885934","-0.049561247000085","4.77100809235809","1.54382099293386","3.92041056188964","16.2816","88","16","8246","725","0.00458715596330275","0.340686567227043","1"
"","12916","21","21","-0.243098361906411","-0.214305202877763","1014.78973633148","12.2721804511278","9.45952380952381","0.175438596491228","0.578947368421053","0.571428571428571","0.4","8","4","0.75","0.568333333333333","5","0.0640828844831026","-1.38613933212599","1.66841063027353","1.5034326625723","4.64754520923705","16.312925170068","154","14","5300","513","0.00598802395209581","0.374544430430384","0"
"","12936","20","20","0.854520685712636","1.37019924700595","1388.05294575481","10.9583333333333","9.66230158730159","0.138888888888889","0.444444444444444","0.6","0.526315789473684","8","2","0.631578947368421","0.561033264980633","6","0.059721420149034","-0.376115013665559","2.97335085589495","1.3731673693407","3.58236635507216","20.3375","141","13","4534","417","0.00645161290322581","0.376565855605575","0"
"","12988","29","29","0.283588956550022","0.300359828504506","1629.98322030042","11.0166463166463","15.9456349206349","0.0740740740740741","0.259259259259259","0.413793103448276","0.357142857142857","12","6","0.571428571428571","0.684514260249554","11","0.0724045788793433","-2.0541748996842","2.74751052278709","1.56085562241282","4.83023257423209","22.2663495838288","163","16","11864","899","0.00355871886120996","0.341657966218284","0"
"","13032","28","28","1.25280077921012","1.81944129609903","1359.96180110032","14.100641025641","13.936544011544","0.0897435897435897","0.384615384615385","0.428571428571429","0.444444444444444","8","4","0.62962962962963","0.575104332954575","9","0.0618578851697993","-2.2046719648189","2.85098792693165","1.63893447223197","4.69942697894395","19.8941326530612","148","16","11410","833","0.00352112676056338","0.297954887571634","0"
"","13061","27","27","1.4763457527551","1.96824280270376","2389.4914248389","15.8455342902711","12.6789682539683","0.0933333333333333","0.52","0.666666666666667","0.423076923076923","8","2","0.730769230769231","0.548219408796332","7","0.0653166690183953","-1.56060761503156","3.41483639987676","1.11928397567819","3.02113436525262","26.7626886145405","177","14","9096","837","0.00471698113207547","0.372455149296051","0"
"","13114","24","24","0.15641697782632","0.146211023545333","915.818571488967","10.191341991342","12.4678571428571","0.136363636363636","0.363636363636364","0.375","0.391304347826087","12","4","0.608695652173913","0.65801770693075","8","0.0645576902146109","-1.49988298275029","1.44734327319199","1.28363680637475","3.95035303113545","15.421875","136","13","6926","663","0.00537634408602151","0.353452738865877","0"
"","13254","26","26","1.13731441372376","1.31937344407692","1204.38518720758","11.3336783988958","13.6123015873016","0.0833333333333333","0.333333333333333","0.461538461538462","0.4","10","4","0.6","0.642329343120647","9","0.0862715154746659","-1.01606040716164","4.11308940793586","1.80856450648389","5.0592831346207","19.2041420118343","144","13","8028","813","0.00518134715025907","0.364569672099862","0"
"","13297","28","28","0.252800779210121","0.390869867527598","1465.91751283071","14.98","13.7095238095238","0.115384615384615","0.461538461538462","0.535714285714286","0.296296296296296","12","4","0.703703703703704","0.58894306693871","8","0.148469163055202","-1.16311106518918","4.45713411772481","1.53107612958187","3.81351171070599","21.155612244898","131","14","10018","911","0.00442477876106195","0.345397933288489","0"
"","13341","22","22","-0.0634446822527314","0.161252703565265","835.987774568053","11.6047619047619","10.5428571428571","0.133333333333333","0.5","0.409090909090909","0.380952380952381","8","2","0.666666666666667","0.586791383219955","6","0.0675938564368441","-0.57014940077336","3.34383260490583","1.43061958149336","3.62840322097484","16.0743801652893","102","14","5814","557","0.00588235294117647","0.387503970791042","0"
"","13365","24","24","-0.0519163555070132","-0.145455643121334","876.683012918284","6.73701298701299","13.8761904761905","0.0909090909090909","0.181818181818182","0.125","0.347826086956522","12","6","0.391304347826087","0.743788819875776","10","0.0619548580211066","-1.4777045107582","2.01576523465597","1.27608748861171","3.3466110364024","16.3333333333333","117","14","7176","653","0.005","0.370780928695643","0"
"","13406","24","24","1.82308364449299","2.47954435687867","1317.7999043808","13.2781100478469","11.186544011544","0.106060606060606","0.454545454545455","0.375","0.521739130434783","6","2","0.652173913043478","0.531020308194221","7","0.0420211220045196","-0.412395225926136","2.54174409060123","2.61114405694673","8.37001374646289","19.5972222222222","143","14","7254","647","0.00497512437810945","0.350607530397963","0"
"","13445","29","18","0.17645051027404","0.392226429330447","2859.70411243477","10.8194444444444","7.81666666666667","0.21875","0.625","0.5","0.411764705882353","8","2","0.764705882352941","0.538680926916221","4","0.0900470395729503","0.702618224439126","3.81987270429063","1.75010112621914","4.60077686537","26.4537037037037","246","13","3638","379","0.00746268656716418","0.397480987042539","1"
"","13484","30","30","1.24335907149255","1.74806747223112","839.826191004827","16.4571428571429","13.5710678210678","0.160714285714286","0.428571428571429","0.3","0.413793103448276","10","4","0.689655172413793","0.525627625520868","9","0.0428180133098367","-0.467854688966115","5.93845433338065","2.66573804894786","8.92434547309669","16.2522222222222","101","21","14390","1039","0.00308641975308642","0.355863221041058","0"
"","13615","30","23","5.79228654304371","7.06739382636993","3276.24973746894","18.0181818181818","5.99510807819631","0.253968253968254","0.80952380952381","0.260869565217391","0.863636363636364","4","2","0.863636363636364","0.287805560960289","3","0.0686686527319892","1.97112516727686","7.24558851783048","2.34393801873802","6.81704268341261","30.2041587901701","231","20","7806","543","0.00409836065573771","0.299181378355304","1"
"","13753","25","21","-0.100241219049268","0.0237900352174747","3909.85808248157","10.3684210526316","10.4","0.263157894736842","0.473684210526316","0.571428571428571","0.35","8","2","0.6","0.623041125541126","6","0.0590295280557107","-0.63839146205846","2.85464049225603","1.40070740221519","3.5706902303435","33.1292517006803","241","14","5194","491","0.00609756097560976","0.396518453474107","1"
"","13785","30","18","3.28756162138515","4.28111531821934","8737.27798579347","13.2619047619048","5.68013375513376","0.229166666666667","0.75","0.333333333333333","0.823529411764706","4","2","0.823529411764706","0.353614057031012","3","0.0431603204730525","1.52543339935551","4.24700160828279","1.92860556391908","5.85224166586495","47.7901234567901","270","15","3654","343","0.00699300699300699","0.359881504962846","1"
"","13818","20","13","-0.0525752025752028","0.0894437015599469","6656.43326668077","6.20606060606061","6.36666666666667","0.272727272727273","0.454545454545455","0.461538461538462","0.5","6","2","0.666666666666667","0.618154761904762","4","0.0218197506805567","0.209695837702824","1.28555768438923","1.60588055858881","3.97962845220186","37.7988165680473","258","11","1496","171","0.0121951219512195","0.428440586016151","1"
"","13922","30","29","6.11117516344657","7.43829086298726","1471.61952658438","19.539514025706","9.64535870476273","0.222222222222222","0.555555555555556","0.103448275862069","0.785714285714286","4","2","0.75","0.359044714448573","7","0.0982294339586217","0.779979467085113","8.19175391440684","1.82360888468118","4.68086478899061","19.973840665874","178","23","14794","819","0.00265957446808511","0.350181044771604","1"
"","14023","25","23","2.79228654304371","3.37174165245688","4202.04976842534","11.8863636363636","10.8532106782107","0.238095238095238","0.428571428571429","0.521739130434783","0.545454545454545","8","4","0.681818181818182","0.550873156614783","7","0.0492790741600321","-0.130870706289004","4.40277536538268","1.99621163606679","5.530115415304","30.6880907372401","244","13","5916","575","0.00602409638554217","0.35764994858001","1"
"","14064","21","16","-0.323957986457986","-0.219157201679836","5557.4","7.6952380952381","8.11666666666667","0.178571428571429","0.428571428571429","0.5625","0.466666666666667","8","4","0.666666666666667","0.633953823953824","5","0.0236837742462639","-0.330049609744686","1.55351791557733","1.23614981685077","3.09089747610512","40.3203125","251","11","2466","291","0.0099009900990099","0.390451296379715","1"
"","14107","30","12","2.21024531024531","3.21435820410528","6436.74636378788","10","2.92896825396825","1","1","0.25","1","2","1","0.909090909090909","0.274534304079759","1","0.0283789136788335","2.48553663859329","4.43312375624567","2.66666666666667","8.11111111111111","41.7638888888889","265","12","1254","131","0.012987012987013","0.364120921279981","1"
"","14151","27","27","2.80967908608843","3.74602058048154","1665.33860545644","20.76","8.93489565989566","0.144","0.76","0.444444444444444","0.615384615384615","6","2","0.846153846153846","0.368509514454331","4","0.0954873228266453","0.709433137730496","6.77243319748223","2.11952106553303","6.1282236242383","22.4142661179698","156","20","11328","829","0.00348432055749129","0.326013444175356","0"
"","14189","22","22","-0.199808318616368","-0.0660200237074623","283.49062946392","8.74978354978355","12.2595238095238","0.1","0.3","0.545454545454545","0.380952380952381","10","4","0.571428571428571","0.686568986568987","8","0.078114525047968","-1.66167220641334","1.59177066952354","1.41696512081231","3.88990944836358","9.17768595041322","64","12","5284","551","0.00657894736842105","0.385251239522799","0"
"","14220","29","29","0.0422096462051945","0.127946035401057","1707.80952401739","11.5024154589372","15.9678571428571","0.0740740740740741","0.333333333333333","0.413793103448276","0.321428571428571","10","4","0.5","0.691843352725706","10","0.0428216824742916","-1.44751984329358","4.35363107411465","2.23096597474352","8.04246631651311","20.4708680142687","221","13","10842","943","0.00416666666666667","0.323064531350268","0"
"","14255","30","22","1.34564622683818","1.93397997629254","6330.70897157214","15.2350877192982","8.18654401154401","0.275","0.7","0.545454545454545","0.619047619047619","8","4","0.80952380952381","0.444411805126091","4","0.0470342334285274","0.888829645440294","5.63103654526803","1.9225160022869","5.1512943215192","43.0909090909091","256","17","6400","521","0.00490196078431373","0.367641556652032","1"
"","14355","30","30","-0.123307595174115","-0.0185991944355436","572.099124934484","11.8188405797101","16.9261904761905","0.0892857142857143","0.285714285714286","0.5","0.275862068965517","10","4","0.551724137931034","0.697126436781609","11","0.0839808450106156","-2.37391948759392","2.18560295731881","1.88979355555981","5.91371842843361","13.0655555555556","102","12","11256","1049","0.00429184549356223","0.366199433956016","0"
"","14391","23","23","-0.0772786743475937","0.0673938263699261","1249.22171757067","6.67380952380952","13.5511904761905","0.0952380952380952","0.142857142857143","0.130434782608696","0.409090909090909","10","4","0.409090909090909","0.727298192004074","10","0.0611438427162143","-1.23113277323606","2.67551410236836","2.23226632745855","8.02724578992782","17.5916824196597","183","13","6168","601","0.00574712643678161","0.380075155721085","0"
"","14449","30","30","7.64335907149255","9.14806747223112","1019.27409624414","22.4459259259259","7.77595817775351","0.642857142857143","0.714285714285714","0","0.862068965517241","4","2","0.793103448275862","0.281535000360285","5","0.102688810254273","1.45266357251298","9.69130570944249","2.68057756978275","9.26375648209634","17.29","142","26","18038","869","0.00223214285714286","0.305543596824787","0"
"","14485","23","23","0.661851760435015","0.980437304630796","814.142681070798","14.0666666666667","9.96785714285714","0.142857142857143","0.619047619047619","0.391304347826087","0.409090909090909","8","2","0.681818181818182","0.529829039053638","5","0.0517423139492227","-0.0104972025391867","4.38244826194145","1.57785030000039","4.6988148332073","15.6899810964083","98","13","6338","605","0.00571428571428571","0.37634691737738","0"
"","14527","30","24","0.114750311159654","0.187877690211999","2525.98344529643","13.4405594405594","11.1261904761905","0.106060606060606","0.545454545454545","0.625","0.347826086956522","10","4","0.739130434782609","0.581625258799172","6","0.0445532815106889","-0.405248547804606","3.67051143979029","1.29302986158158","3.03471758787747","26.9670138888889","158","15","7432","699","0.005","0.375559653952617","1"
"","14557","30","9","0.564285714285714","0.918706943223726","8415.75233000038","5.2","3.78333333333333","0.285714285714286","0.714285714285714","0.666666666666667","0.75","4","2","0.75","0.54389880952381","2","0.0638849184083472","1.86996752211687","2.18223068376109","2.04124145231932","5.16666666666667","48","255","7","500","83","0.0263157894736842","0.468583955642112","1"
"","14624","28","5","-0.166666666666666","-0.0935063918741552","200.7","1.33333333333333","2.5","0","0.333333333333333","0.6","0.75","4","2","0.5","0.791666666666667","2","0.0139370491364604","1.32694729720966","-0.242535625036333","-0.310098965763573","1.5","7.12","35","5","96","19","0.0666666666666667","0.529899098880671","1"
"","14713","30","19","2.53609963308106","3.48728201507772","5086.36313567871","12.9490196078431","6.68013375513376","0.529411764705882","0.647058823529412","0.315789473684211","0.777777777777778","4","2","0.777777777777778","0.394188881198685","4","0.0643489471211012","1.47844218464989","4.32517873244522","2.79966729222846","10.2488886842465","37.5789473684211","239","16","4634","341","0.00555555555555556","0.279457238633614","1"
"","14777","29","24","0.65641697782632","0.896211023545333","2433.54408207824","11.0030303030303","12.7095238095238","0.0909090909090909","0.363636363636364","0.5","0.347826086956522","10","2","0.608695652173913","0.63338690295212","8","0.0408708525690357","-0.802451243351311","3.73011157621731","1.11533813911356","2.99006457944503","26.3194444444444","201","12","6774","629","0.00546448087431694","0.365106788102952","1"
"","14818","22","22","0.891100772292723","1.02488906720163","2859.22538324912","9.80760233918129","10.8345238095238","0.1","0.4","0.272727272727273","0.428571428571429","12","6","0.619047619047619","0.617306503020789","7","0.0611392645072801","-0.223966848450579","3.94186980664565","1.80783153161373","4.72423187103695","25.5206611570248","238","14","5876","539","0.00540540540540541","0.384012791510193","0"
"","14909","25","17","3.06207142530672","3.98860052944491","9173.89470656779","10.847619047619","6.10321067821068","0.233333333333333","0.6","0.176470588235294","0.8125","4","2","0.75","0.405688148656899","4","0.0404735510763181","1.41317023219076","4.00691712315341","0.851910741006351","2.14134799724668","50.8512110726644","254","14","3070","295","0.0078740157480315","0.356864154922879","1"
"","14933","22","22","0.527464408656359","0.752161794474356","623.520917954199","11.9751196172249","10.7178571428571","0.116666666666667","0.5","0.681818181818182","0.428571428571429","10","2","0.666666666666667","0.59989277762387","6","0.0419926111744837","-0.942819527431961","2.76682023808459","1.59141981122511","4.38363071448853","12.3243801652893","118","12","5260","575","0.00671140939597315","0.392014228007302","0"
"","14961","27","27","1.1800494564588","1.37565021011117","2203.09820029339","9.5275974025974","15.4956349206349","0","0.2","0.444444444444444","0.384615384615385","10","4","0.5","0.701525077486616","11","0.101309529479522","-1.27499720479451","4.02585235419128","1.84749465178204","6.30304030991648","23.1659807956104","257","12","8624","841","0.00483091787439614","0.344127356894353","0"
"","15002","20","20","1.00452068571264","1.52019924700595","579.841712569997","10.5466089466089","9.66230158730159","0.111111111111111","0.444444444444444","0.45","0.526315789473684","6","2","0.631578947368421","0.561335512612602","6","0.0661980374318153","0.383088598115956","4.18584481664289","1.62014273736386","4.27859656705435","11.46","119","13","4504","455","0.00671140939597315","0.378913197162915","0"
"","15034","25","15","0.63020868020868","1.14121465279107","4823.38448072518","8.997668997669","6.55119047619048","0.269230769230769","0.538461538461538","0.4","0.642857142857143","4","2","0.714285714285714","0.51360187431616","4","0.0271594373913612","1.26562095312576","3.03238459754115","2.22918350863212","6.76739819463026","31.5111111111111","255","11","2134","251","0.0104166666666667","0.418565127009403","1"
"","15090","24","24","1.32308364449299","1.72954435687867","2254.05165906781","11.8289105115731","11.9956349206349","0.136363636363636","0.363636363636364","0.375","0.434782608695652","8","2","0.652173913043478","0.587005320484576","8","0.09631295356464","-1.24097887281906","2.35093951653225","1.1203689999583","3.24300138082444","22.5121527777778","212","12","6614","685","0.00581395348837209","0.371632973908127","0"
"","15129","30","30","0.110025738159218","-0.0519325277688769","740.429728981921","8.14364302364302","18.2095238095238","0","0.142857142857143","0.3","0.275862068965517","14","6","0.413793103448276","0.765636183739632","13","0.0965805451002939","-1.73491688172325","3.78295008794005","2.18416978432709","6.97438438357326","13.4288888888889","138","13","11874","979","0.00383141762452107","0.352808208392059","0"
"","15237","30","20","0.0545206857126359","-0.0298007529940456","6101.06876432675","11","8.95952380952381","0.148148148148148","0.555555555555556","0.45","0.421052631578947","8","2","0.631578947368421","0.584356725146199","5","0.0515277721655446","-0.266332997422024","1.81739684549482","1.74436214554493","5.81168256597768","41.7325","249","14","4870","441","0.00581395348837209","0.334966195259193","1"
"","15277","21","21","0.0426159238078745","0.0714090828365223","621.888473172203","10.4340852130326","10.2095238095238","0.12280701754386","0.473684210526316","0.428571428571429","0.4","8","4","0.65","0.612638888888889","6","0.0663937039329318","-0.905466642872904","2.25910605109714","1.61949242997711","4.75286685301764","13.7596371882086","102","14","5392","453","0.00558659217877095","0.351656467191386","0"
"","15329","21","19","1.27294173834422","1.80307148876193","1017.92328020121","10.3728291316527","8.91230158730159","0.176470588235294","0.411764705882353","0.315789473684211","0.555555555555556","6","2","0.666666666666667","0.542812402738873","6","0.0641312162345705","0.461045079317738","2.38975613163069","1.90448365947187","5.81648968196933","15.9778393351801","103","12","3762","425","0.00793650793650794","0.398248809846861","1"
"","15361","27","25","0.768083644492987","1.09705569569174","736.124201724167","13.7193236714976","10.9698773448773","0.173913043478261","0.478260869565217","0.24","0.5","8","4","0.666666666666667","0.528060365560366","7","0.0941942932877222","-0.0462460249110347","5.33115123474871","1.57665487535943","4.06946823616716","14.528","121","19","9352","641","0.00374531835205993","0.312041172930496","1"
"","15414","28","26","2.29116056756991","2.78091190561539","4924.84162352958","12.8298534798535","12.0198773448773","0.125","0.416666666666667","0.230769230769231","0.52","12","6","0.64","0.554886749482402","8","0.0774531940637979","-0.0161017096229235","3.22982537896701","1.87809730967403","5.052658774172","37.1878698224852","260","15","8744","787","0.0045662100456621","0.353951951055099","1"
"","15545","29","10","-0.157936507936508","-0.0866535724341009","6824.03763805433","3.41666666666667","5.58333333333333","0","0.25","0.6","0.555555555555556","6","2","0.555555555555556","0.724074074074074","4","0.0157441539712763","0.835529990479831","0.279399343476283","0.563177392540662","1.38243687041721","41.71","268","7","662","101","0.0222222222222222","0.448843718811437","1"
"","15576","27","21","-0.385955504763554","-0.642876631449192","5274.96229177845","8.19122807017544","11.0666666666667","0.105263157894737","0.368421052631579","0.428571428571429","0.35","12","4","0.55","0.704464285714286","7","0.0520064025282631","-1.02070549708709","2.26442961519847","1.58881792222907","4.36655335656054","39.8049886621315","230","13","5086","513","0.0062111801242236","0.338824681303004","1"
"","15606","24","18","-0.490216156392627","-0.607773570669553","7932.62616741085","5.94166666666667","10.45","0.125","0.25","0.5","0.352941176470588","10","4","0.470588235294118","0.745098039215686","7","0.0322769357902962","-1.17408293366044","0.665822524742432","1.14825833251193","3.0572060766456","47.8302469135802","253","10","3230","369","0.00854700854700855","0.385038215982933","1"
"","15637","20","17","-0.290869751163869","-0.423164176437448","8715.05655281985","5.77777777777778","9.2","0.133333333333333","0.333333333333333","0.176470588235294","0.375","12","6","0.5","0.715340909090909","6","0.044531551240439","0.277469546306284","1.98644564285361","1.01329225636516","2.84366655853998","47.8892733564014","259","11","2972","339","0.00869565217391304","0.375248581285999","1"
"","15689","23","23","1.70533002130458","2.11087208723949","1341.62730875312","11.4422514619883","11.0956349206349","0.0952380952380952","0.428571428571429","0.391304347826087","0.5","8","2","0.590909090909091","0.584751738160829","7","0.0687063633417965","-0.513997959839916","3.82938205258017","1.56015032853598","4.44951162909407","17.2854442344045","206","12","6202","593","0.00549450549450549","0.369786711172197","0"
"","15750","21","21","0.994996876188827","1.69045670188414","1603.05395293787","16.0350877192982","6.96987734487734","0.368421052631579","0.789473684210526","0.428571428571429","0.6","6","2","0.85","0.382584776334776","3","0.07561768006175","1.88870296645037","7.04095146038496","2.1629966903413","6.52304635477634","20.4988662131519","169","19","6176","469","0.00476190476190476","0.319457633844022","0"
"","15793","30","30","0.0433590714925515","0.0147341388977897","1426.52299741361","14.0251082251082","14.727380952381","0.107142857142857","0.428571428571429","0.4","0.310344827586207","10","4","0.655172413793103","0.620732754961964","9","0.0586081028801949","-0.728701080157517","5.92039759595712","1.65681423659323","4.32595876207067","20.2466666666667","160","17","13454","1039","0.00336700336700337","0.322883686489212","0"
"","15822","22","22","0.891100772292723","1.2976163399289","1486.66666770122","10.7666666666667","10.7623015873016","0.125","0.4","0.409090909090909","0.523809523809524","6","2","0.619047619047619","0.586734693877551","7","0.040688374186672","-0.535236141096602","2.13906602520165","1.80407826493756","6.55529163035516","16.8471074380165","213","15","6028","525","0.00537634408602151","0.374150610737235","0"
"","15908","30","30","2.24335907149255","3.01473413889779","963.074551312529","19.5990253411306","11.9348956598957","0.116071428571429","0.571428571428571","0.4","0.551724137931034","8","4","0.758620689655172","0.451261410536958","7","0.0489979922027404","0.493059744931928","4.86621108307727","2.06776540659663","6.63520328337095","17.2744444444444","114","21","14618","951","0.0028735632183908","0.331199642125618","0"
"","16021","30","21","0.471187352379303","0.690456701884141","4155.94235773033","12.4555555555556","9.33452380952381","0.118421052631579","0.578947368421053","0.571428571428571","0.45","8","4","0.75","0.543809523809524","5","0.038386034210243","0.556367159152681","3.85628530354595","2.57190282623314","9.5167082331179","33.7777777777778","260","14","5098","501","0.00625","0.362523030963918","1"
"","16083","30","30","5.01002573815922","6.04806747223112","3069.91169629719","20.6486531986532","10.5784414115296","0.142857142857143","0.642857142857143","0.3","0.655172413793103","8","4","0.758620689655172","0.403082144514187","6","0.067072728942364","0.811716701944253","7.54681920883573","1.72246571593766","4.54661305274728","26.0144444444444","221","20","13972","961","0.00318471337579618","0.349490539602284","0"
"","16183","27","19","0.272941738344215","0.487282015077715","5316.06691250053","9.89411764705882","8.80119047619048","0.294117647058824","0.529411764705882","0.473684210526316","0.5","8","2","0.611111111111111","0.581547619047619","5","0.0303180585215626","-0.455591671084753","2.47411791704378","1.99404329961449","6.03444104994048","40.415512465374","260","14","4324","393","0.00628930817610063","0.323467568458891","1"
"","16265","29","23","2.92272132565241","3.8500025220221","2826.47809928937","15.8556776556777","8.58489565989566","0.142857142857143","0.619047619047619","0.391304347826087","0.681818181818182","4","2","0.772727272727273","0.415145203640841","5","0.0543183933929447","0.236152252686814","4.93231084018649","1.43941613142696","3.99846297796513","27.8071833648393","246","18","7138","571","0.00465116279069767","0.325504634825578","1"
"","16314","21","20","0.554520685712636","0.770199247005954","1673.48998019292","9.80042016806723","9.87619047619048","0.166666666666667","0.444444444444444","0.45","0.421052631578947","10","4","0.631578947368421","0.611761311172669","6","0.0513286241117213","-0.329820326510354","2.97335085589495","1.41906318435702","3.55602917205277","22.765","119","12","4178","449","0.00746268656716418","0.394843045881137","1"
"","16349","29","15","0.0968753468753467","0.474547986124402","4838.22884777714","8.74481074481074","6.92619047619048","0.230769230769231","0.538461538461538","0.6","0.571428571428571","6","2","0.714285714285714","0.550180375180375","4","0.0318833291211913","0.441627445460409","1.62211298038993","1.2683319850807","2.79193992197227","35.5022222222222","233","12","2150","247","0.0104166666666667","0.422504459444924","1"
"","16456","30","30","-0.189974261840782","-0.151932527768877","3133.90007141132","15.5404761904762","14.427380952381","0.119047619047619","0.428571428571429","0.4","0.310344827586207","10","4","0.655172413793103","0.590886699507389","9","0.063854011861114","-1.63258708210269","3.13927484710741","0.783860127686254","2.08858026408832","29.2611111111111","216","17","12956","1121","0.003690036900369","0.342850550441412","0"
"","16518","27","27","-0.0421727657634234","0.227502061963023","4490.18229484023","11.3175838540544","14.4456349206349","0.1","0.28","0.222222222222222","0.384615384615385","12","6","0.538461538461538","0.641108306897781","10","0.070671711878492","-1.57932106958446","2.90227561540009","2.16796088327883","8.06620527031827","37.4458161865569","252","16","9646","819","0.00431034482758621","0.357686699382265","0"
"","16633","27","7","0.671428571428572","1.31287851436177","8465.4761904762","5","2.28333333333333","1","1","0.428571428571429","1","2","1","0.833333333333333","0.408333333333333","1","0.0099852523935567","2.3168122063861","2.17241379310345","0.42637246721505","1.20607029258357","43.4285714285714","260","7","254","41","0.037037037037037","0.466400391481941","1"
"","16683","30","29","3.59393378413623","4.23139431126313","2042.29014711239","15.5703463203463","13.0348956598957","0.12962962962963","0.407407407407407","0.310344827586207","0.535714285714286","8","2","0.678571428571429","0.519643656607942","9","0.0864754512440198","-0.519456486801727","6.03134296826688","1.82447043670206","5.51817552114189","20.6872770511296","219","16","11648","953","0.0037037037037037","0.310302088356381","1"
"","16737","27","27","1.55041982682917","2.11639095085191","2094.99113219565","13.2755037957212","14.1032106782107","0.1","0.28","0.444444444444444","0.461538461538462","8","4","0.615384615384615","0.593066703827573","10","0.0835008334471323","-1.61278814674684","3.47062605759751","2.34331445845477","8.00368982406337","23.3004115226337","238","14","8996","869","0.004739336492891","0.359857619617819","0"
"","16796","20","20","0.854520685712636","1.17019924700595","3991.21682113671","10.0632798573975","9.80119047619048","0","0.444444444444444","0.6","0.473684210526316","6","2","0.631578947368421","0.592520683379409","6","0.0350260381378389","0.092395081764032","3.46446839996723","1.62906499911117","4.73218127291651","34.125","195","13","4494","425","0.00645161290322581","0.346778642407979","0"
"","16815","23","11","0.232972582972583","0.627127156852484","11248.8861693146","7.33333333333333","4.28333333333333","0.388888888888889","0.777777777777778","0.545454545454545","0.7","4","2","0.8","0.48547619047619","2","0.0263136299876669","2.02605524034773","1.60927750201076","2.25721816521141","6.46480473055745","56.2314049586777","261","11","1006","109","0.0147058823529412","0.399386706394176","1"
"","16914","29","25","-0.311916355507013","-0.222944304308255","1741.23129123066","12.9170462387854","12.3761904761905","0.130434782608696","0.478260869565217","0.6","0.333333333333333","10","4","0.666666666666667","0.610482052669553","7","0.0636127442105591","-1.04667128831139","3.64151925367498","1.78477807014379","5.264710428479","23.3504","147","15","7954","729","0.0048780487804878","0.357705669017167","1"
"","16962","27","25","1.80808364449299","2.29705569569174","2932.18102953804","13.7133520074697","11.6789682539683","0.0869565217391304","0.478260869565217","0.48","0.458333333333333","6","2","0.708333333333333","0.548069764638701","7","0.067495352006559","-0.713358971271803","4.17765096745016","1.38760397377662","4.00209783035615","25.728","258","13","7820","707","0.00471698113207547","0.311694988506907","1"
"","17017","29","27","0.29116056756991","0.412687247148208","5762.46096991698","12.0444444444444","14.3845238095238","0","0.36","0.666666666666667","0.346153846153846","10","4","0.653846153846154","0.648780386280386","9","0.0626364943940879","-1.28812163695729","4.02585235419128","1.3728437221299","3.44914628607047","42.1069958847737","259","14","9384","877","0.0045045045045045","0.324433315448858","1"
"","17049","24","24","0.489750311159654","0.812877690211999","444.109652730075","11.0336219336219","12.6345238095238","0.0909090909090909","0.363636363636364","0.5","0.391304347826087","6","2","0.608695652173913","0.622702659659181","8","0.0652380384935143","-0.798750544929601","2.59084771032726","0.991667355240051","2.41571145710044","11.359375","91","13","7158","613","0.00492610837438424","0.37321210988038","0"
"","17104","26","26","0.714237490646833","1.05014267484616","3201.4036620761","13.2965367965368","12.3623015873016","0.0972222222222222","0.416666666666667","0.230769230769231","0.4","10","4","0.64","0.563801012712777","8","0.0678468958036862","-0.291752380004933","5.21611509033882","2.24502701061642","7.88673400888707","31.6494082840237","216","17","9642","759","0.00392156862745098","0.37975525641957","0"
"","17156","29","10","0.342063492063492","0.613346427565899","4608.55819340234","6.14285714285714","4.11666666666667","0.3125","0.75","0.6","0.666666666666667","4","2","0.777777777777778","0.53641975308642","2","0.0147949376516916","1.91222688160999","2.72981585934716","1.1176823927832","2.858069583008","34.21","249","9","708","95","0.0196078431372549","0.415405249386266","1"
"","17187","29","13","0.408963258963259","0.704828316944562","3127.6925962791","7.8","5.53333333333333","0.272727272727273","0.636363636363636","0.461538461538462","0.583333333333333","6","2","0.75","0.530357142857143","3","0.021995771345497","0.654024450147175","1.28555768438923","0.52277128317278","2.45067193784561","29.2781065088757","226","11","1452","171","0.0128205128205128","0.409252539606482","1"
"","17335","26","26","2.40654518295453","2.896296521","481.342975046223","11.068253968254","12.936544011544","0.104166666666667","0.333333333333333","0.230769230769231","0.52","10","4","0.56","0.602956388993218","9","0.102366481506103","-0.338604886106143","5.22955051407708","2.94426797540596","11.4526785643842","11.4674556213018","105","14","8682","751","0.0043859649122807","0.35061642308926","0"
"","17404","24","23","0.574895238695885","0.893480782891665","3909.95929789735","11.8809523809524","11.1123015873016","0.0952380952380952","0.428571428571429","0.521739130434783","0.454545454545455","8","2","0.636363636363636","0.577620359438541","7","0.0520480191049328","-0.4801312290782","3.23542520721217","0.978023466898716","2.49850997189364","32.8620037807183","201","16","6998","573","0.00471698113207547","0.321247067078404","1"
"","17427","20","17","1.47383613118907","2.04742405885667","3319.23193854701","9.60548340548341","7.66230158730159","0.155555555555556","0.466666666666667","0.352941176470588","0.625","4","2","0.6875","0.525149503274503","5","0.0347205486427204","0.681607605696847","3.17021674769082","1.96579170271262","5.79530738581284","32.0622837370242","176","12","2856","319","0.00900900900900901","0.392228974563496","1"
"","17450","26","26","3.13731441372376","4.01168113638462","943.830373714646","13.7452158952159","12.2515623265623","0.125","0.333333333333333","0.346153846153846","0.6","6","2","0.64","0.519730044749226","9","0.030894172031985","-0.341821040551921","4.67131996100647","1.42949934126989","3.54721366645762","15.8757396449704","156","17","9332","719","0.00401606425702811","0.327255080246163","0"
"","17592","30","30","4.97669240482588","5.88140080556446","3251.74906897789","16.5882818156502","12.5228858559741","0.107142857142857","0.428571428571429","0.1","0.620689655172414","8","2","0.655172413793103","0.478157804356047","9","0.0981743840604594","-0.437534596797359","6.44428678055388","2.24774474557338","6.4792784091904","31.7311111111111","210","19","14038","1079","0.0032258064516129","0.364091434178166","0"
"","17651","28","28","6.78851506492441","7.99801272467046","1882.80385717886","19.5396825396825","8.43107299047701","0.326923076923077","0.692307692307692","0.107142857142857","0.777777777777778","8","4","0.777777777777778","0.344488367147453","5","0.0966247638917201","1.09372619787997","8.28912017751521","2.69368846708263","8.83994902074096","24.1045918367347","169","22","12676","909","0.00326797385620915","0.39169831387983","0"
"","17742","30","26","4.82962210603145","5.85783498253846","2685.32480987742","18.3833333333333","9.21406232656233","0.116666666666667","0.666666666666667","0.461538461538462","0.68","6","2","0.8","0.393085530233814","5","0.0825844697412458","1.40292898996276","7.29955203343856","3.33228992706755","13.8917944504026","28.0576923076923","216","18","9500","721","0.00392156862745098","0.351033478654278","1"
"","17808","30","30","1.44335907149255","1.94806747223112","808.918728171739","15.6872294372294","14.3532106782107","0.0892857142857143","0.428571428571429","0.4","0.448275862068966","8","2","0.655172413793103","0.560844806534462","9","0.0662792614378177","-1.07291495070791","3.74888985751711","1.86680639607054","6.02490417942543","11.5888888888889","172","17","13458","1017","0.00325732899022801","0.358864557849335","0"
"","17871","30","25","6.36808364449299","7.81705569569174","581.489114043017","20.609022556391","5.64535870476273","0.27536231884058","0.826086956521739","0.12","0.916666666666667","4","2","0.875","0.241518620814917","3","0.128066650720832","1.69210202476584","8.15947460840743","2.78680894872444","9.85250843148786","12.9952","112","23","10328","599","0.00327868852459016","0.286678657526703","1"
"","17915","28","11","0.96024531024531","1.35439988412521","3582.48958926621","5.66666666666667","4.95","0.333333333333333","0.555555555555556","0.545454545454545","0.7","6","2","0.7","0.560277777777778","3","0.0358414763019965","1.46149690676483","0.886716215183574","1.04941255172048","2.51798760595291","31.2727272727273","199","8","846","129","0.0196078431372549","0.443827258982749","1"
"","17989","26","14","1.21116106116106","1.47687419094469","4964.53025476028","5.27619047619048","7.09285714285714","0.166666666666667","0.333333333333333","0.214285714285714","0.615384615384615","8","4","0.538461538461538","0.649079552925707","5","0.0292185429287173","0.354474717902699","1.8043168861534","1.21941082189528","2.69088101220537","31.2448979591837","270","9","1600","223","0.0135135135135135","0.422784138702959","1"
"","18024","20","20","2.70452068571264","3.62019924700595","299.609308438289","13.925","7.01346708846709","0.133333333333333","0.666666666666667","0.3","0.736842105263158","4","2","0.789473684210526","0.392971548303958","4","0.114762715972956","1.12840119415319","4.17878189436992","1.93081126720734","5.80036816943182","9.2525","57","16","4996","409","0.00558659217877095","0.326172360176462","0"
"","18049","30","29","6.24910619792933","7.57622189747002","1193.60897864394","21.8162393162393","8.64535870476273","0.185185185185185","0.703703703703704","0.310344827586207","0.785714285714286","4","2","0.821428571428571","0.321824949746212","5","0.142582063861303","1.43115471668583","9.25810118396918","2.66180244027658","9.33190655218898","18.1854934601665","170","24","14882","899","0.00273224043715847","0.337207340147197","1"
"","18098","23","21","0.614044495236446","0.928551939979379","675.756783065619","10.7777777777778","10.1345238095238","0.131578947368421","0.473684210526316","0.428571428571429","0.45","10","4","0.65","0.581969696969697","6","0.0486897564458889","0.0707258585453453","4.0586400019846","1.39629577031417","3.66617789738503","13.578231292517","73","13","5016","491","0.00636942675159236","0.375284867250648","1"
"","18277","20","20","0.704520685712636","0.920199247005954","14.4503081722832","12.2875816993464","8.12619047619048","0.203703703703704","0.666666666666667","0.3","0.421052631578947","6","2","0.736842105263158","0.512601479775995","4","0.0461501263471623","0.766665686387364","4.79209179701685","1.40001921452985","3.56854766195484","1.9575","15","14","4780","459","0.00625","0.387641813092619","0"
"","18350","27","26","0.906545182954526","1.31937344407692","3642.80641548375","11.5902597402597","13.2123015873016","0.104166666666667","0.333333333333333","0.230769230769231","0.44","12","6","0.56","0.606399159663866","9","0.0707354773577411","-0.675069917636744","4.11308940793586","2.5043538659781","8.98174464022183","31.1804733727811","265","16","8920","761","0.00444444444444444","0.368536328471414","1"
"","18376","27","27","0.180049456458799","0.301576136037097","4011.74038526487","16.745974025974","11.977380952381","0.104","0.6","0.666666666666667","0.346153846153846","8","2","0.769230769230769","0.540748567671645","6","0.0530072565407246","-0.917021218682604","4.00366291963053","1.1178680200738","2.68789558935805","34.7462277091907","220","17","10298","791","0.00378787878787879","0.357461899666422","0"
"","18503","22","22","0.345646226838178","0.479434521747083","288.335977717781","11.6683473389356","10.1123015873016","0.15","0.5","0.409090909090909","0.476190476190476","8","2","0.666666666666667","0.585428849902534","6","0.0627226350622894","-0.228647131096812","2.17929545380407","1.44844429727416","4.48570519993598","8.88429752066116","70","15","5916","539","0.00558659217877095","0.376559938854714","0"
"","18524","22","22","2.93655531774727","3.70670724901981","2532.34325717967","12.615873015873","9.18013375513375","0.116666666666667","0.5","0.272727272727273","0.666666666666667","6","2","0.666666666666667","0.488356504217849","6","0.110418352552248","0.494885830530802","5.1169193752067","2.35307203297198","7.25393048234131","21.8223140495868","264","15","5786","521","0.00561797752808989","0.348043254344831","0"
"","18615","30","24","4.15641697782632","5.14621102354533","4744.43490436928","15.1333333333333","9.31822899322899","0.136363636363636","0.545454545454545","0.375","0.695652173913043","6","2","0.739130434782609","0.431764466081654","6","0.0716395741385515","0.399976852973915","5.18100352803039","1.7512029417798","4.44502735401782","37.296875","240","17","7854","589","0.00432900432900433","0.31731100637013","1"
"","18694","26","7","-0.185714285714285","-0.115692914209654","13704.468287718","3.2","3.33333333333333","0.4","0.6","0.857142857142857","0.666666666666667","4","2","0.666666666666667","0.680555555555556","2","0.0142607856839593","1.19030410247288","0.0341593492842577","1.00617527461053","2.6202085037932","58.3673469387755","269","7","266","41","0.0344827586206897","0.448618327324985","1"
"","18725","24","24","0.65641697782632","0.896211023545333","510.997001855606","11.0809523809524","11.9956349206349","0.113636363636364","0.363636363636364","0.375","0.434782608695652","10","4","0.652173913043478","0.605504920934978","8","0.104174060734114","-0.425729467820108","3.71032202551865","1.087356612113","2.5248699903364","12.1857638888889","103","14","7142","689","0.00515463917525773","0.362295695744094","0"
"","18765","29","7","0.671428571428572","1.31287851436177","12081.4106049614","5","2.28333333333333","1","1","0.428571428571429","1","2","1","0.833333333333333","0.408333333333333","1","0.0104801712913417","2.33542267631694","2.17241379310345","0.0512945403076138","1.71205648069967","52.2040816326531","257","7","254","41","0.037037037037037","0.466400391481941","1"
"","18800","28","26","0.637314413723756","1.05014267484616","4469.03026316513","12.2117647058824","13.5956349206349","0.0833333333333333","0.333333333333333","0.461538461538462","0.44","8","2","0.6","0.615764340922236","9","0.0481943995925807","-1.58917166864394","2.91592244107652","1.72581316610131","5.24953493714469","34.2307692307692","205","15","8678","779","0.0045045045045045","0.34931606634592","1"
"","18827","20","20","-0.045479314287364","-0.0298007529940456","3717.89812744345","8.43888888888889","10.6761904761905","0.111111111111111","0.333333333333333","0.6","0.421052631578947","8","4","0.526315789473684","0.671553884711779","7","0.0355786665085551","-1.08504423737624","0.525491682812726","0.300331616196534","1.44262000827599","31.485","205","13","4618","409","0.0062111801242236","0.326584989476428","0"
"","18871","28","28","1.50280077921012","1.92658415324188","1565.71441427773","14.7028070175439","13.6789682539683","0.115384615384615","0.461538461538462","0.535714285714286","0.407407407407407","8","2","0.666666666666667","0.583117157191231","8","0.0504299503186772","-0.929572433720037","4.43491376039312","1.71182827026461","5.61835324216016","20.7946428571429","179","15","10188","905","0.00427350427350427","0.340204814127307","0"
"","18923","25","21","1.37594925714121","1.97617098759843","2800.3517038446","14.5947368421053","8.09563492063492","0.192982456140351","0.684210526315789","0.428571428571429","0.55","6","2","0.8","0.44798599061757","4","0.0243774057609851","0.854131543817211","5.12845232015786","1.51236143481954","4.30344568274385","15.8321995464853","254","14","5280","513","0.00609756097560976","0.37264747227275","1"
"","18947","22","20","1.60452068571264","2.02019924700595","599.202720719448","10.031746031746","9.11230158730159","0.138888888888889","0.444444444444444","0.15","0.526315789473684","8","4","0.631578947368421","0.550098899208806","6","0.0228576795554588","0.386992908929642","2.97335085589495","1.63992526005375","4.45464594046044","12.5375","100","13","4616","461","0.0065359477124183","0.355498703641105","1"
"","18985","28","25","0.808083644492987","1.13705569569174","2089.60430110274","10.4918831168831","13.0123015873016","0.108695652173913","0.304347826086957","0.24","0.458333333333333","10","4","0.541666666666667","0.637202380952381","9","0.0531389827554538","-1.33363913651392","2.47451990109381","1.21888127563573","3.7587060073539","24.1856","215","15","7554","701","0.00512820512820513","0.370243289703393","1"
"","19042","30","18","2.84311717694071","3.83667087377489","3675.69219890903","12.2128205128205","6.18013375513376","0.28125","0.625","0.166666666666667","0.823529411764706","4","2","0.764705882352941","0.382306687929525","4","0.0528313047943995","1.01819415448158","3.84978844107357","1.39518811041532","4.16358012419077","31.8055555555556","254","15","3862","305","0.00632911392405063","0.274950143998164","1"
"","19123","26","26","0.137314413723756","0.0886042133076937","488.202186053828","8.85326086956522","14.95","0","0.25","0.461538461538462","0.28","14","4","0.56","0.719726984126984","10","0.11273908743796","-1.45478782004453","2.24556743064574","1.71712688300685","4.65926573344001","12.3269230769231","75","11","7832","797","0.00531914893617021","0.36142630492605","0"
"","19173","30","30","7.07669240482589","8.58140080556446","2465.61727035071","24.5477056277056","7.27595817775351","0.1875","0.785714285714286","0.2","0.862068965517241","4","2","0.862068965517241","0.25785153184923","4","0.157138937149942","1.49911274879815","9.54894879448046","2.6355535425354","8.46935952917913","20.4144444444444","224","26","16904","879","0.00242130750605327","0.332554014176451","0"
"","19236","25","25","4.68808364449299","5.81705569569174","452.847955268868","18.7594202898551","7.93955252264076","0.282608695652174","0.739130434782609","0.48","0.75","4","2","0.833333333333333","0.350146319288154","4","0.0742669426174341","1.43274672138277","7.49092773129444","2.60571685937467","8.61372354583696","11.6704","77","21","9708","657","0.00359712230215827","0.358561937183753","0"
"","19301","29","29","1.62841654275692","2.3348425871252","5985.89475593589","18.3568822481866","12.0468004218004","0.12037037037037","0.555555555555556","0.310344827586207","0.5","8","2","0.714285714285714","0.473495076352219","7","0.0695557269451307","0.94707640386694","8.00365961178892","2.00891025811671","6.08780089315013","38.3709869203329","254","18","12270","973","0.00363636363636364","0.371017409089708","0"
"","19329","28","28","2.71708649349584","3.6408698675276","264.655250033531","20.6922567287785","9.33072899322899","0.288461538461538","0.692307692307692","0.321428571428571","0.62962962962963","6","2","0.814814814814815","0.374102661036212","5","0.0507052482940603","NaN","NaN","1.76130078809968","4.66930656333959","8.53826530612245","76","22","12656","845","0.00318471337579618","0.370033642726874","0"
"","19366","20","20","0.00452068571263595","0.120199247005954","3070.47165689713","9.82222222222222","9.80119047619048","0.222222222222222","0.444444444444444","0.6","0.473684210526316","10","4","0.684210526315789","0.608834586466165","6","0.0250240617301562","0.00994634545637503","2.96061201944578","1.84133609945597","5.10162551208847","27.9","246","14","4736","437","0.00613496932515337","0.326489687496445","0"
"","19397","30","23","3.79228654304371","4.80652426115253","6337.33714216064","16.2222222222222","7.21406232656233","0.222222222222222","0.714285714285714","0.130434782608696","0.772727272727273","6","2","0.772727272727273","0.363717217126308","4","0.0673363849317413","1.39567388626751","6.64870067424495","2.95812087639203","11.608775020878","43.640831758034","266","18","7634","505","0.00411522633744856","0.349638360114008","1"
"","19426","20","20","0.554520685712636","0.770199247005954","4392.34625056217","11.0396825396825","8.68571428571429","0.125","0.555555555555556","0.3","0.421052631578947","8","2","0.684210526315789","0.539323688007899","5","0.0422103949000565","0.769508838769102","4.16227522273312","1.4775319014362","3.53119082622072","36.5225","201","16","5178","407","0.00529100529100529","0.381039437235664","0"
"","19474","23","18","0.343117176940706","0.558893095997114","4318.08433010186","9.375","8.04285714285714","0.166666666666667","0.5","0.166666666666667","0.470588235294118","6","2","0.647058823529412","0.556022408963585","5","0.037205680588116","0.651204950268364","3.2208300175826","2.84817214277587","10.3369547398871","35.2191358024691","247","15","3872","333","0.00645161290322581","0.353258958039228","1"
"","19564","30","30","8.07669240482588","9.71473413889779","1076.93632891785","26.8260869565217","5.35441971621505","0.446428571428571","0.928571428571429","0.2","0.931034482758621","4","2","0.931034482758621","0.188531653826204","2","0.142674759673641","2.4170105042488","11.2949138214641","2.74630837266772","9.37965502190367","17.4577777777778","156","28","18036","869","0.00224215246636771","0.356818332391297","0"
"","19635","29","29","3.42151999103278","4.19691155264244","350.137022857579","19.2666666666667","11.0348956598957","0.12962962962963","0.62962962962963","0.413793103448276","0.535714285714286","6","2","0.785714285714286","0.436003423767399","6","0.0818042351466844","0.151318488252235","7.11361967376767","1.43726799200318","3.48846291312352","10.3400713436385","75","19","13334","1029","0.00333333333333333","0.324196784339234","0"
"","19688","30","30","0.976692404825885","1.21473413889779","583.426979868","13.2302679776364","15.2698773448773","0.0714285714285714","0.357142857142857","0.3","0.413793103448276","8","4","0.551724137931034","0.628961390968971","10","0.0793193217690345","-1.68693632711443","4.28347156184295","2.06678564526878","7.54763249173409","13.2511111111111","91","17","13486","1027","0.00328947368421053","0.37860170817043","0"
"","19717","30","30","0.510025738159218","0.681400805564456","1946.84685383154","13.7877253465489","15.2956349206349","0.0892857142857143","0.357142857142857","0.4","0.379310344827586","8","4","0.620689655172414","0.616405554962457","10","0.0781902984014584","-1.10049506529585","5.40233270822896","0.781326739946561","1.8449308435979","24.4711111111111","144","17","13426","1027","0.00325732899022801","0.314249136432235","0"
"","19836","26","25","1.16808364449299","1.89705569569174","6717.75869025466","16.5299516908213","10.5198773448773","0.159420289855072","0.565217391304348","0.48","0.541666666666667","8","2","0.75","0.471142623716153","6","0.0935866081235365","-0.514632285759601","3.48438172837668","1.68486800039463","5.15977946980879","36.9024","261","18","8596","677","0.00431034482758621","0.354439886347963","1"
"","19917","27","27","0.957827234236577","1.37565021011117","1531.75209036681","12.525","14.0956349206349","0.08","0.36","0.444444444444444","0.423076923076923","10","4","0.576923076923077","0.625810514272053","9","0.104673741124022","-1.29104965267261","4.02585235419128","1.51058026035496","4.30351631532972","21.281207133059","151","14","8924","809","0.00471698113207547","0.355151674551422","0"
"","19970","29","29","0.352554473791401","0.645187414711402","1338.00775207456","18.7369047619048","12.3956349206349","0.103703703703704","0.62962962962963","0.620689655172414","0.357142857142857","12","4","0.75","0.513737468671679","6","0.0686081953627882","-0.19716244322541","6.57248132101728","1.49532083391264","3.55286894515602","18.3923900118906","197","17","12436","1001","0.00359712230215827","0.381726787929072","0"
"","20008","20","16","-0.0739579864579865","-0.094157201679836","6010.09790838629","6.76190476190476","8.2","0.142857142857143","0.428571428571429","0.375","0.4","10","4","0.6","0.664074074074074","5","0.0208062751855999","0.255394239110118","1.39025246874938","1.30057004891627","3.50305907875015","39.6875","222","11","2578","287","0.00909090909090909","0.421704998289087","1"
"","20031","28","20","0.954520685712636","1.37019924700595","5483.28571422471","12.1722222222222","8.66785714285714","0.222222222222222","0.555555555555556","0.45","0.473684210526316","6","2","0.736842105263158","0.513329893360853","5","0.0610960966605011","1.13348134037668","5.38132276380129","3.16079550543484","12.1072954312856","38.0275","211","14","4522","439","0.00666666666666667","0.38445598931497","1"
"","20072","29","23","-0.120756935217159","0.110872087239491","1318.98813567937","11.0825174825175","12.0011904761905","0.119047619047619","0.333333333333333","0.521739130434783","0.409090909090909","8","4","0.636363636363636","0.616625041625042","8","0.0456210430536563","-0.157132869063069","4.40835941738897","1.41630762387695","4.07280152020547","16.7674858223062","189","15","6374","575","0.00543478260869565","0.377000237487622","1"
"","20140","21","18","1.00978384360737","1.33667087377489","3494.21548110928","10.7333333333333","7.16785714285714","0.28125","0.625","0.166666666666667","0.529411764705882","6","2","0.705882352941177","0.496994287911243","4","0.0482152184491664","0.255305142676622","3.2208300175826","1.91198323435626","5.07035676957765","26.641975308642","261","15","3792","319","0.00662251655629139","0.359326644145639","1"
"","20196","26","22","0.163828045019996","0.297616339928901","4044.17091194587","10.3721500721501","11.1345238095238","0.125","0.4","0.409090909090909","0.428571428571429","8","2","0.619047619047619","0.624717081859939","7","0.0477715296981733","-0.80937693433455","2.17929545380407","1.49670097334213","5.06304445074521","28.9876033057851","247","14","5908","495","0.00543478260869565","0.377248361584988","1"
"","20226","22","5","0.233333333333334","0.706493608125845","61.6951292383701","3","1.83333333333333","1","1","0.6","1","2","1","0.75","0.520833333333333","1","0.00798028247129136","2.19843827217332","1.21267812518166","0.0425284136873727","1.5","3.84","17","5","92","19","0.0714285714285714","0.53819585864318","1"
"","20284","26","26","1.59885287526222","2.16552729023077","787.435130656362","13.9056390977444","12.8456349206349","0.104166666666667","0.416666666666667","0.461538461538462","0.44","8","2","0.64","0.563960418950189","8","0.0431156478444609","-1.35033943175271","3.55485885486525","1.44827693964273","4.12866577774226","15.491124260355","111","13","8276","783","0.00495049504950495","0.363972050641203","0"
"","20454","30","24","1.90641697782632","2.39621102354533","3651.01966525662","10.3318516880436","12.9289682539683","0","0.272727272727273","0.5","0.478260869565217","8","4","0.521739130434783","0.63544809680459","9","0.0287124012632051","-0.746969288655573","3.68699653807516","2.04281839019689","6.03750674711445","26.1597222222222","264","12","6594","625","0.00552486187845304","0.330845554263102","1"
"","20500","21","16","1.05104201354201","1.53084279832016","325.31423261707","10.75","6.38452380952381","0.178571428571429","0.714285714285714","0.5625","0.6","6","2","0.8","0.476984126984127","3","0.0310132641174459","0.959555825131674","2.77552596072765","1.39009094551024","3.38781648639163","9.75","53","11","2438","293","0.0101010101010101","0.410880791186801","1"
"","20590","29","29","1.45600274965347","1.81760120781485","2167.49113053838","18.8352665852666","11.9956349206349","0.103703703703704","0.62962962962963","0.517241379310345","0.392857142857143","10","4","0.75","0.497868335368335","6","0.041444775639656","-0.0718654033357417","5.92785585111189","2.4057781810784","9.25542545936258","24.1189060642093","131","16","12020","971","0.00367647058823529","0.352390887081924","0"
